               epoch,      train/box_loss,      train/obj_loss,      train/cls_loss,   metrics/precision,      metrics/recall,     metrics/mAP_0.5,metrics/mAP_0.5:0.95,        val/box_loss,        val/obj_loss,        val/cls_loss,               x/lr0,               x/lr1,               x/lr2
                   0,            0.085593,             0.04679,            0.056717,             0.24332,              0.4274,             0.20307,            0.079034,            0.062408,            0.023984,             0.04813,            0.070357,           0.0032937,           0.0032937
                   1,             0.06164,            0.033915,            0.046053,              0.4107,             0.37391,             0.36502,             0.14775,            0.064532,            0.016381,            0.039125,            0.040292,           0.0065614,           0.0065614
                   2,            0.060181,            0.028935,            0.036904,             0.31219,             0.62763,             0.41577,             0.16809,            0.060667,            0.015431,            0.027786,             0.01016,           0.0097631,           0.0097631
                   3,            0.055147,            0.027493,            0.025625,             0.57635,             0.78445,             0.71223,             0.36933,            0.047451,            0.016247,             0.01789,            0.009703,            0.009703,            0.009703
                   4,            0.048106,            0.025759,            0.018172,             0.68218,             0.80817,             0.82592,             0.38665,            0.048869,             0.01424,            0.012806,            0.009703,            0.009703,            0.009703
                   5,            0.043536,            0.025494,            0.012727,             0.87951,             0.85775,             0.90428,             0.45235,            0.041765,            0.014705,           0.0089252,            0.009604,            0.009604,            0.009604
                   6,             0.04076,             0.02455,            0.010272,             0.84025,             0.92529,             0.93834,             0.56565,            0.037263,            0.014096,           0.0070722,            0.009505,            0.009505,            0.009505
                   7,            0.037844,            0.024821,           0.0086171,             0.91538,             0.94429,             0.94304,             0.54463,            0.035832,             0.01333,           0.0064887,            0.009406,            0.009406,            0.009406
                   8,            0.036648,            0.023405,           0.0077511,              0.9014,             0.90899,             0.94951,             0.56087,            0.035226,            0.014677,           0.0059084,            0.009307,            0.009307,            0.009307
                   9,            0.035352,            0.024378,           0.0071399,             0.90375,             0.92176,              0.9531,             0.58101,            0.034105,            0.013828,           0.0055611,            0.009208,            0.009208,            0.009208
                  10,             0.03467,            0.023643,           0.0068702,             0.96538,             0.94409,             0.97376,             0.59494,            0.032903,            0.013038,           0.0054092,            0.009109,            0.009109,            0.009109
                  11,            0.033313,            0.023174,           0.0064757,             0.91336,             0.93632,             0.95549,             0.58679,            0.032645,            0.013179,           0.0051782,             0.00901,             0.00901,             0.00901
                  12,            0.032513,            0.023815,           0.0062214,             0.92251,             0.94238,             0.95957,             0.55117,            0.032101,            0.013168,           0.0048463,            0.008911,            0.008911,            0.008911
                  13,            0.032141,            0.023294,           0.0059661,             0.91033,             0.88475,             0.93938,             0.53829,            0.032836,            0.014629,           0.0049374,            0.008812,            0.008812,            0.008812
                  14,            0.031556,            0.023483,           0.0057658,             0.94651,             0.95296,              0.9643,             0.58266,            0.032796,            0.013175,           0.0046143,            0.008713,            0.008713,            0.008713
                  15,            0.031022,             0.02307,           0.0053146,             0.94362,             0.93604,             0.95894,             0.58708,            0.031238,            0.013154,           0.0045014,            0.008614,            0.008614,            0.008614
                  16,             0.03034,            0.023737,           0.0051727,              0.9538,             0.95639,             0.97144,             0.60903,            0.031693,            0.013006,           0.0043427,            0.008515,            0.008515,            0.008515
                  17,            0.029632,            0.022574,           0.0049758,             0.95525,             0.94698,             0.97345,             0.61694,            0.030029,            0.012716,           0.0041816,            0.008416,            0.008416,            0.008416
                  18,            0.029399,            0.022481,           0.0049033,             0.95333,             0.95107,             0.96726,             0.62327,            0.029606,            0.012895,           0.0042335,            0.008317,            0.008317,            0.008317
                  19,            0.028783,            0.022074,           0.0048361,             0.95366,             0.95714,             0.96882,             0.64361,            0.029033,            0.012789,           0.0041197,            0.008218,            0.008218,            0.008218
                  20,            0.028571,            0.022246,           0.0045466,             0.95887,             0.96595,              0.9644,             0.64931,            0.028396,            0.012539,           0.0040539,            0.008119,            0.008119,            0.008119
                  21,            0.028206,            0.022342,           0.0045428,             0.96284,             0.96898,             0.97817,             0.63017,            0.028843,            0.013011,           0.0041439,             0.00802,             0.00802,             0.00802
                  22,             0.02813,            0.022083,           0.0043732,              0.9572,             0.95467,             0.96612,             0.63168,            0.029027,            0.012251,           0.0040089,            0.007921,            0.007921,            0.007921
                  23,            0.027807,            0.022138,           0.0044553,             0.94409,             0.94879,              0.9664,             0.60545,            0.029678,            0.012815,           0.0040642,            0.007822,            0.007822,            0.007822
                  24,            0.027531,            0.021955,           0.0044691,             0.95349,             0.97199,             0.97459,             0.65594,            0.027677,            0.012214,           0.0040104,            0.007723,            0.007723,            0.007723
                  25,            0.027054,            0.021525,           0.0040937,             0.95757,             0.96405,             0.96623,             0.62588,            0.028407,            0.012557,           0.0042594,            0.007624,            0.007624,            0.007624
                  26,            0.027335,            0.021211,           0.0043359,             0.95268,              0.9643,             0.96905,             0.64786,            0.027883,            0.012911,           0.0037171,            0.007525,            0.007525,            0.007525
                  27,             0.02673,            0.021878,           0.0040362,             0.94492,             0.95965,             0.96858,             0.65912,            0.027996,            0.012694,           0.0036259,            0.007426,            0.007426,            0.007426
                  28,             0.02561,            0.022179,            0.004037,             0.95561,             0.97141,             0.97412,             0.67035,            0.026629,            0.012302,           0.0037675,            0.007327,            0.007327,            0.007327
                  29,            0.025991,            0.022165,           0.0040456,             0.95335,             0.96037,             0.96602,              0.6453,            0.027782,            0.012458,           0.0036429,            0.007228,            0.007228,            0.007228
                  30,            0.025957,            0.021873,           0.0038367,             0.96544,             0.96994,             0.97479,             0.65936,            0.026738,            0.011968,           0.0036185,            0.007129,            0.007129,            0.007129
                  31,            0.025384,            0.021324,           0.0036496,             0.96208,             0.97297,             0.98155,             0.66023,            0.026741,            0.012129,           0.0035589,             0.00703,             0.00703,             0.00703
                  32,            0.024799,            0.021645,           0.0039255,              0.9621,             0.96257,             0.97297,             0.68877,            0.025648,            0.012029,           0.0037941,            0.006931,            0.006931,            0.006931
                  33,            0.025748,            0.021576,           0.0036871,             0.95552,             0.95673,             0.97328,             0.66919,            0.026276,            0.012328,           0.0036519,            0.006832,            0.006832,            0.006832
                  34,            0.025122,            0.021647,           0.0039941,             0.95552,             0.96965,             0.96996,               0.662,            0.026519,            0.012243,           0.0035463,            0.006733,            0.006733,            0.006733
                  35,             0.02478,            0.021233,            0.003807,             0.95656,             0.97565,             0.96988,             0.67678,            0.026339,            0.011848,           0.0036915,            0.006634,            0.006634,            0.006634
                  36,            0.024552,            0.020712,           0.0035365,             0.96073,             0.96699,             0.97096,             0.67717,            0.026253,            0.012056,           0.0038139,            0.006535,            0.006535,            0.006535
                  37,            0.024274,            0.020923,           0.0037294,              0.9629,             0.97542,             0.97091,             0.67854,            0.025278,            0.011924,           0.0035765,            0.006436,            0.006436,            0.006436
                  38,            0.024532,            0.020913,           0.0037202,             0.95893,             0.97381,             0.98159,             0.66573,            0.025763,            0.012088,           0.0035545,            0.006337,            0.006337,            0.006337
                  39,            0.023864,             0.02096,           0.0034663,             0.96092,             0.96259,             0.97093,             0.66846,            0.026012,            0.012101,           0.0035001,            0.006238,            0.006238,            0.006238
                  40,            0.023998,            0.020979,           0.0032302,             0.95723,              0.9776,             0.97131,              0.6985,            0.024678,            0.011891,           0.0035385,            0.006139,            0.006139,            0.006139
                  41,            0.023364,            0.020398,           0.0033508,             0.96831,             0.97576,             0.97913,             0.69299,            0.025406,            0.011815,           0.0034863,             0.00604,             0.00604,             0.00604
                  42,            0.023116,            0.020759,           0.0033262,             0.96316,             0.97469,             0.97044,             0.69547,            0.024725,            0.011783,           0.0034123,            0.005941,            0.005941,            0.005941
                  43,            0.023437,             0.02076,           0.0030944,             0.96099,             0.97973,             0.97159,             0.68986,            0.024636,            0.011519,           0.0033078,            0.005842,            0.005842,            0.005842
                  44,            0.023265,            0.020502,           0.0028237,             0.95822,             0.97389,             0.97634,             0.69098,              0.0248,            0.011753,           0.0033046,            0.005743,            0.005743,            0.005743
                  45,            0.022962,            0.020337,           0.0033416,             0.96515,             0.97448,              0.9701,             0.69296,            0.024548,            0.012193,           0.0033751,            0.005644,            0.005644,            0.005644
                  46,            0.023194,            0.019826,           0.0032477,             0.96343,             0.97785,             0.97289,             0.69331,            0.024778,            0.011659,           0.0032545,            0.005545,            0.005545,            0.005545
                  47,            0.022621,             0.02026,           0.0031772,             0.96533,             0.97821,             0.97582,             0.70226,            0.024455,            0.011691,           0.0032874,            0.005446,            0.005446,            0.005446
                  48,            0.022085,            0.020534,           0.0030084,             0.96639,             0.97413,             0.97503,             0.69943,            0.024607,            0.011641,           0.0031928,            0.005347,            0.005347,            0.005347
                  49,            0.022705,            0.020332,            0.003061,             0.96846,             0.98248,             0.97769,             0.69211,            0.024412,             0.01178,           0.0032164,            0.005248,            0.005248,            0.005248
                  50,            0.022207,            0.019847,           0.0027986,             0.96646,             0.97082,             0.97513,             0.70136,            0.024655,            0.011569,           0.0032112,            0.005149,            0.005149,            0.005149
                  51,            0.022386,            0.020477,           0.0029249,             0.96461,             0.97258,             0.97531,             0.70027,            0.024673,            0.011732,           0.0031967,             0.00505,             0.00505,             0.00505
                  52,            0.022156,            0.020262,           0.0030491,             0.96459,             0.97204,             0.97157,             0.70175,            0.024208,            0.011564,             0.00318,            0.004951,            0.004951,            0.004951
                  53,            0.021763,            0.019668,           0.0030625,             0.95957,             0.97451,             0.97365,             0.70712,            0.023817,            0.011555,           0.0031585,            0.004852,            0.004852,            0.004852
                  54,             0.02173,            0.020418,           0.0025345,             0.97315,             0.97567,             0.98293,             0.69061,            0.024538,            0.011629,           0.0031144,            0.004753,            0.004753,            0.004753
                  55,            0.021616,            0.020046,           0.0031832,             0.96937,             0.97578,             0.98275,             0.71342,            0.024092,            0.011558,           0.0031683,            0.004654,            0.004654,            0.004654
                  56,            0.021592,            0.019892,           0.0027286,             0.97166,             0.96979,             0.97949,             0.70131,            0.024252,            0.011671,           0.0031857,            0.004555,            0.004555,            0.004555
                  57,            0.021437,            0.019909,           0.0027503,              0.9666,             0.97051,             0.98045,             0.70591,            0.024496,            0.011488,           0.0030309,            0.004456,            0.004456,            0.004456
                  58,            0.021427,            0.019181,           0.0026254,             0.96898,             0.97732,              0.9813,             0.71115,            0.023869,            0.011526,           0.0031618,            0.004357,            0.004357,            0.004357
                  59,             0.02126,            0.019349,           0.0030107,             0.96554,             0.97573,             0.97998,             0.71049,            0.023724,            0.011616,           0.0031896,            0.004258,            0.004258,            0.004258
                  60,            0.020769,            0.019941,           0.0024027,             0.96389,             0.97329,             0.97982,              0.7118,            0.023753,            0.011671,           0.0031233,            0.004159,            0.004159,            0.004159
                  61,            0.020797,            0.020029,           0.0024984,             0.96897,             0.97079,             0.98035,             0.71317,            0.023922,            0.011694,           0.0030747,             0.00406,             0.00406,             0.00406
                  62,            0.020957,            0.019806,           0.0027057,             0.96282,             0.97328,             0.97998,             0.70227,            0.024062,             0.01156,            0.003167,            0.003961,            0.003961,            0.003961
                  63,            0.020979,            0.019585,           0.0027168,             0.96548,             0.97267,             0.97901,             0.70061,            0.023963,            0.011758,           0.0030158,            0.003862,            0.003862,            0.003862
                  64,             0.02057,            0.019384,           0.0027102,             0.96523,             0.97539,             0.97956,              0.7077,            0.023761,            0.011517,           0.0031432,            0.003763,            0.003763,            0.003763
                  65,            0.020413,            0.019256,           0.0024651,             0.96726,             0.97387,             0.98247,             0.71168,            0.024047,            0.011738,           0.0030024,            0.003664,            0.003664,            0.003664
                  66,            0.020238,             0.01906,           0.0023695,             0.96762,             0.97391,             0.97903,             0.71384,            0.023498,            0.011633,           0.0031431,            0.003565,            0.003565,            0.003565
                  67,            0.020119,            0.019669,           0.0025356,             0.96237,             0.96713,             0.97057,             0.70921,            0.023932,            0.011608,           0.0032853,            0.003466,            0.003466,            0.003466
                  68,            0.020061,            0.019114,           0.0023261,             0.97071,             0.97722,             0.98379,              0.7159,            0.023592,            0.011481,           0.0029876,            0.003367,            0.003367,            0.003367
                  69,            0.019907,            0.018983,           0.0027131,             0.96926,             0.97814,             0.97984,             0.70903,            0.023525,              0.0115,           0.0029305,            0.003268,            0.003268,            0.003268
                  70,            0.019909,            0.018971,           0.0023412,             0.95848,             0.97808,             0.98354,             0.71466,            0.023336,            0.011493,           0.0029492,            0.003169,            0.003169,            0.003169
                  71,            0.019731,            0.019393,           0.0024963,             0.96794,             0.97559,             0.97666,             0.71051,            0.023674,            0.011563,           0.0029331,             0.00307,             0.00307,             0.00307
                  72,            0.019931,            0.019086,           0.0026558,             0.95344,             0.97721,             0.97211,             0.71153,            0.023564,            0.011545,           0.0029237,            0.002971,            0.002971,            0.002971
                  73,            0.019531,            0.019021,           0.0022398,             0.96229,             0.97559,              0.9765,             0.72242,            0.023399,            0.011475,           0.0028936,            0.002872,            0.002872,            0.002872
                  74,            0.019102,            0.018879,           0.0021747,             0.96707,             0.97571,             0.98103,             0.71231,            0.023467,            0.011583,           0.0029822,            0.002773,            0.002773,            0.002773
                  75,            0.019344,            0.018893,           0.0022783,             0.96727,             0.97774,              0.9816,             0.72234,            0.023108,            0.011476,            0.002994,            0.002674,            0.002674,            0.002674
                  76,            0.019319,             0.01899,           0.0020365,             0.96338,             0.98575,              0.9831,             0.70956,            0.023497,            0.011478,            0.003161,            0.002575,            0.002575,            0.002575
                  77,             0.01941,            0.018619,           0.0021585,             0.96453,               0.982,             0.98253,              0.7137,            0.023498,            0.011387,           0.0029923,            0.002476,            0.002476,            0.002476
                  78,            0.019149,            0.019163,           0.0021418,             0.96183,             0.97188,             0.97377,              0.7132,            0.023352,            0.011367,           0.0031482,            0.002377,            0.002377,            0.002377
                  79,            0.018966,            0.018798,           0.0021412,             0.96475,             0.98028,             0.98102,              0.7175,            0.023432,            0.011549,           0.0029537,            0.002278,            0.002278,            0.002278
                  80,            0.018671,            0.018905,           0.0020737,             0.96318,             0.96959,             0.97894,             0.71896,            0.023233,            0.011389,            0.002955,            0.002179,            0.002179,            0.002179
                  81,            0.018804,             0.01833,           0.0019966,             0.95683,               0.968,             0.97252,             0.72188,            0.023434,            0.011403,             0.00309,             0.00208,             0.00208,             0.00208
                  82,            0.018634,            0.018949,           0.0020268,             0.96312,             0.96949,             0.97401,             0.71403,            0.023312,            0.011329,           0.0030169,            0.001981,            0.001981,            0.001981
                  83,            0.019166,            0.018718,           0.0022766,             0.96015,             0.97019,             0.97356,             0.72117,            0.023228,            0.011553,           0.0030865,            0.001882,            0.001882,            0.001882
                  84,             0.01874,            0.019118,           0.0021744,              0.9632,             0.97074,              0.9752,             0.72023,            0.023307,             0.01144,           0.0030635,            0.001783,            0.001783,            0.001783
                  85,            0.018741,            0.018611,           0.0021516,             0.96322,             0.97013,             0.97914,             0.72485,            0.022882,            0.011251,           0.0030188,            0.001684,            0.001684,            0.001684
                  86,            0.018501,            0.018356,           0.0020673,             0.95901,             0.97052,             0.97862,             0.71952,            0.023202,            0.011309,           0.0031027,            0.001585,            0.001585,            0.001585
                  87,             0.01847,            0.018626,           0.0018188,             0.95821,             0.97254,             0.97315,             0.71662,            0.023184,            0.011374,           0.0031066,            0.001486,            0.001486,            0.001486
                  88,            0.018421,             0.01864,           0.0017253,             0.96045,             0.97729,             0.97996,              0.7189,            0.023017,             0.01134,           0.0031417,            0.001387,            0.001387,            0.001387
                  89,            0.018273,            0.018383,           0.0017757,             0.96465,             0.98339,             0.98239,             0.72507,            0.022961,            0.011349,           0.0029957,            0.001288,            0.001288,            0.001288
                  90,            0.018272,            0.018322,           0.0019022,             0.96298,             0.97598,             0.97397,             0.71985,            0.023091,            0.011318,           0.0029497,            0.001189,            0.001189,            0.001189
                  91,            0.018046,            0.018253,           0.0018011,             0.95781,             0.97688,             0.97214,              0.7193,            0.023109,            0.011444,           0.0029043,             0.00109,             0.00109,             0.00109
                  92,            0.017919,            0.018273,           0.0016627,              0.9614,             0.98022,             0.97437,             0.71876,            0.023169,            0.011619,           0.0029684,            0.000991,            0.000991,            0.000991
                  93,            0.017762,            0.018184,           0.0017209,             0.95866,             0.97772,             0.97231,             0.71739,            0.023018,            0.011452,           0.0029808,            0.000892,            0.000892,            0.000892
                  94,            0.017745,            0.017699,           0.0017899,             0.95636,              0.9739,             0.97273,             0.72236,            0.023004,            0.011304,           0.0029485,            0.000793,            0.000793,            0.000793
                  95,            0.017909,            0.017572,           0.0018126,             0.96005,             0.97405,             0.97164,             0.72373,            0.022966,            0.011275,           0.0029867,            0.000694,            0.000694,            0.000694
                  96,            0.018053,            0.017995,           0.0018423,             0.95547,             0.97231,             0.96946,              0.7239,            0.022948,            0.011337,           0.0030321,            0.000595,            0.000595,            0.000595
                  97,            0.017667,            0.017927,           0.0017197,             0.96046,             0.97376,             0.97539,             0.72173,            0.022974,            0.011317,           0.0030892,            0.000496,            0.000496,            0.000496
                  98,            0.017532,            0.018024,           0.0016422,              0.9594,             0.97495,              0.9704,             0.72571,            0.022821,            0.011254,           0.0030199,            0.000397,            0.000397,            0.000397
                  99,            0.018024,            0.018287,           0.0017944,             0.95605,              0.9735,             0.97306,             0.72825,            0.022764,            0.011251,           0.0030082,            0.000298,            0.000298,            0.000298
